1,8898256,Margit Pantecost,53 Express Parkway,Mexico,09/07/2001,949,902
2,8097208,Kori Knoble,1172 Muir Point,China,29/09/1975,988,953
3,4408033,Luce Chandler,195 Bobwhite Hill,China,28/07/1977,829,966
4,4208258,Benedikt Gibberd,2092 Northwestern Junction,Indonesia,28/01/1963,912,934
5,4692499,Lauren Caygill,42 Crowley Court,Thailand,03/07/1994,946,968
6,2534426,Adeline Santon,942 Cambridge Junction,France,03/05/1962,963,800
7,7999297,Gothart Poletto,25946 Barnett Place,Sweden,02/02/1994,826,996
8,6324459,Cyril Grindlay,19 Bunting Way,United States,03/01/1989,869,822
9,6109739,Lothario Goodyer,2199 Nancy Lane,Iran,31/01/1973,854,818
10,3152967,Prince Boyfield,21 Surrey Circle,Brazil,28/05/1996,896,808
11,7011616,Rollin Sheldrake,19841 Golden Leaf Court,Kosovo,12/03/1991,899,955
12,2613250,Franky Mozzi,4 Randy Street,China,14/08/2003,813,862
13,4256887,Kermy Casarino,0 Thackeray Way,Morocco,20/12/1990,851,844
14,6516758,Dyna Postance,5 Clove Junction,Poland,17/03/1968,984,965
15,5395166,Gil Payn,68472 Golf Point,China,31/08/1995,837,953
16,3034203,Carly Lavrick,43032 John Wall Parkway,Turkmenistan,22/08/1981,921,946
17,3600022,Renate Honatsch,7 Hayes Trail,Belarus,14/11/1968,852,996
18,7175562,Davie Shaw,0138 Blackbird Alley,Indonesia,05/06/2000,976,996
19,8127494,Hermina Gregersen,047 Roth Center,Estonia,28/04/1996,959,954
20,2037948,Beatriz Pickance,073 3rd Park,Mongolia,22/03/1983,957,902
21,6547058,Nero Coulton,426 Barby Road,Russia,14/06/1961,880,829
22,4015161,Marlo Speere,24 Manitowish Trail,Philippines,11/03/1960,844,897
23,8493805,Rosene Everitt,1 Judy Road,Sweden,04/12/2007,818,1000
24,6098175,Fergus Brookson,79 Commercial Plaza,Brazil,05/04/1995,900,902
25,4551230,Vale McCaskell,917 Anzinger Road,Pakistan,03/08/2007,984,964
26,4658904,Harrie Reeken,8048 Loftsgordon Center,Russia,20/10/1989,843,846
27,5283320,Pablo Corselles,6747 Twin Pines Drive,Indonesia,06/01/1964,910,996
28,5383695,Alanna Chaytor,30 Hagan Circle,China,17/08/2005,946,800
29,4374478,Briggs Cuming,8 Katie Park,Jordan,11/04/1969,812,902
30,8085848,Albina Rushbury,163 Corben Center,China,13/10/1966,821,912
31,3586073,Archaimbaud Burgum,9 Fulton Center,Bulgaria,13/11/1977,967,837
32,8185472,Claudine Giles,405 Shoshone Park,Argentina,15/12/1967,968,988
33,4700083,Alberta De Beauchemp,34 2nd Junction,Greece,08/03/1985,985,954
34,1723220,Bee Toleman,607 Claremont Park,China,07/02/1975,895,886
35,4599118,Gladi Adolthine,0 Carpenter Avenue,Sweden,24/10/2006,914,929
36,7141880,Adrianne Kubas,3134 Forest Run Plaza,United States,14/05/1998,932,851
37,1649277,Erskine Claridge,0 Heath Street,Indonesia,15/04/1984,904,867
38,1138769,Charmion Bendik,7444 Atwood Lane,Brazil,04/11/1965,986,897
39,9179138,Wolfgang Jarrad,718 Crest Line Junction,Ukraine,31/05/2008,865,818
40,1455903,Alexei Edgecumbe,350 Troy Lane,Russia,29/11/1977,805,862
41,6072415,Jennilee Meineck,18 Grayhawk Place,China,09/08/1985,946,872
42,7782810,Gretel Dunnett,192 2nd Place,Russia,23/10/1981,919,843
43,3004230,Leeland Slessor,023 Toban Hill,Mongolia,22/08/1960,970,823
44,2055789,Cathie Tolomelli,68 Dryden Point,Nigeria,15/06/1994,889,966
45,1796709,Shalna MacPherson,131 Summerview Pass,Japan,17/04/1986,917,821
46,7803123,Morna Hurles,703 Dryden Crossing,Indonesia,03/03/2004,944,926
47,5970336,Libbey Osler,5607 Sunfield Park,Philippines,08/12/1992,916,830
48,8213575,Damita Semper,36082 Transport Hill,Indonesia,21/10/1968,968,900
49,4191384,Coreen Bareford,86235 Reindahl Avenue,Philippines,17/07/2010,942,828
50,3934236,Harli Longhi,6 Monterey Lane,Indonesia,24/05/1965,931,956
51,3753156,Emmerich Gurry,29 Dovetail Hill,Netherlands,14/04/2002,808,943
52,7373183,Leif Solon,8471 Hudson Point,Indonesia,17/02/2005,857,906
53,5549395,Alasdair Rigbye,24079 Sutherland Point,Vietnam,27/12/1964,956,915
54,9405379,Tawsha Swigg,0 Farragut Point,Russia,02/02/1997,962,956
55,1173535,Sheree Linkie,82945 Moose Pass,China,29/01/1983,844,982
56,3572894,Gael Ronisch,6 Onsgard Alley,Indonesia,25/09/1966,994,864
57,1806933,Cyrillus Stoakes,8246 Hoepker Point,China,22/10/2009,826,981
58,3785528,Spencer Bendon,36 Brentwood Alley,Indonesia,08/11/1963,957,942
59,3784378,Dallon Dallimore,6 Northview Lane,Malta,13/08/2008,860,860
60,8337430,Mose Cantrill,425 Center Circle,China,09/08/1997,872,886
61,3244152,Helli Niaves,099 Washington Parkway,China,05/05/1985,970,860
62,9209512,Oralla Starking,730 Fremont Pass,China,29/06/1983,899,962
63,3751679,Roarke Kenwin,8 Messerschmidt Way,China,20/07/2003,803,988
64,5260827,Janot Sainsbury,56 Laurel Alley,Myanmar,13/04/1979,950,969
65,2378726,Sherilyn Plan,8 Pepper Wood Hill,Indonesia,07/12/1995,939,827
66,7607649,Faina Buxsy,0682 Lien Terrace,Indonesia,10/02/1992,999,868
67,7136003,El Wailes,110 Waubesa Park,France,13/02/1993,947,877
68,6448227,Lezley Belfield,15 Talmadge Court,Nigeria,24/11/2009,838,860
69,3317546,Milzie Basson,83 Nelson Street,Democratic Republic of the Congo,05/10/2000,926,960
70,3442636,Devlen Hannah,08 Oneill Lane,Tunisia,05/12/1998,929,882
71,5230966,Kali Keems,313 Briar Crest Center,Indonesia,20/09/1968,927,945
72,3685290,Nevin Pound,6024 Larry Park,Thailand,12/05/1979,842,879
73,7540894,Dylan Springtorpe,9104 Northwestern Way,Greece,26/08/1984,987,922
74,1085504,Garey Gard,3302 Park Meadow Parkway,Armenia,14/09/1995,808,972
75,3616805,Cal Challen,84520 Warrior Pass,Albania,01/01/1993,821,923
76,4324156,Viv Taber,87 Longview Parkway,Russia,03/05/1990,977,854
77,3770149,Claudianus Carayol,542 Old Shore Point,China,28/04/2002,862,861
78,2751188,Vittorio Veldstra,6 Oakridge Alley,Thailand,23/05/1979,994,960
79,3245020,Orelie Matthewman,27 Del Mar Avenue,Philippines,21/02/1977,904,965
80,6789144,Minda Brandt,2 Crest Line Street,Russia,28/03/2006,860,998
81,4719138,Henrieta Jennison,86 Nova Drive,China,08/09/1975,900,828
82,2917939,Marylou Uden,1 Talmadge Point,China,08/06/1987,954,835
83,7629526,Junie Caws,85 Little Fleur Trail,Indonesia,21/05/2005,993,927
84,6833481,Kevon Garrish,9 Ronald Regan Point,Czech Republic,22/08/1976,871,912
85,2678925,Silvano Docharty,09 Muir Way,China,24/07/1983,924,950
86,6864765,Ginnifer Lintill,533 Eastwood Hill,Kuwait,14/10/1988,860,866
87,5716200,Dev O'Shavlan,89143 Meadow Ridge Junction,Mexico,17/02/2010,806,881
88,3337254,Cleavland Janu,0502 Judy Point,Senegal,19/02/1961,970,946
89,6035909,Thane Beccero,9 Thierer Place,Chile,21/03/1983,824,915
90,6431533,Ash Iskower,1942 Forest Dale Alley,United States,03/01/2008,818,849
91,8884411,Gert Recke,7 Schlimgen Place,China,19/08/1986,982,957
92,1384669,Trenton Claybourn,74 Hovde Way,Ukraine,04/05/1996,891,919
93,5139774,Melina Steinham,5544 Bunting Hill,Paraguay,18/12/1974,986,901
94,4331471,Isak Maine,576 Charing Cross Park,China,24/11/1978,969,929
95,5572807,Domeniga Whyberd,9 Holy Cross Lane,Indonesia,03/10/1990,944,829
96,6300479,Kristofor Blowin,655 Grover Parkway,China,08/03/1974,959,982
97,2600267,Stefan Sheringham,65256 Drewry Point,China,29/06/1993,998,961
98,1615647,Gussy Nanni,443 Cascade Center,Russia,22/01/1970,876,954
99,2123573,Egor Egginson,97410 Corry Lane,Norway,13/09/1984,890,812
100,8179814,Tani Magovern,96343 Loomis Park,Russia,17/11/1986,880,858
101,8457940,Dorey Dalbey,428 Fairfield Circle,China,27/06/1971,938,972
102,6233063,Isadora Spragge,7 Mallard Circle,Poland,21/03/2009,981,953
103,9146336,Tandy Feasey,45 Burning Wood Junction,Czech Republic,27/09/2009,980,895
104,8661114,Amerigo Krinks,654 Anderson Crossing,Costa Rica,24/02/1981,850,955
105,5741625,Helge Rubenczyk,3 Messerschmidt Trail,Poland,17/06/1994,873,864
106,1715922,Manuel Grinstead,30 Sutherland Street,Poland,05/11/1990,843,887
107,5188775,Aline Fenner,2783 Memorial Pass,Cuba,04/03/1991,814,889
108,6732432,Leopold Renshell,7 Sachtjen Circle,Portugal,17/10/1997,914,978
109,8518460,Michal Niess,5788 Eliot Street,Nepal,07/07/1996,974,878
110,3179659,Lev Robrose,49 Starling Parkway,Nigeria,14/07/1989,936,868
111,7007604,Rees Cain,6615 Anthes Lane,Indonesia,29/10/2007,801,911
112,4600537,Orel Volett,86 Westerfield Lane,Poland,07/08/1966,927,824
113,3969990,Dreddy Hinge,4115 Summerview Lane,Uruguay,14/04/1960,971,873
114,1936724,Bobbye Penner,811 Division Center,Brazil,29/06/1975,939,905
115,1328487,Joelly Shewring,407 Moulton Alley,Bulgaria,16/06/1989,911,874
116,7752713,Elly Brookwood,855 Surrey Way,Serbia,10/12/2009,895,964
117,8713111,Gayel Bengall,9957 Tennyson Drive,Portugal,09/10/2007,892,961
118,9044481,Cass Scarlin,379 Alpine Alley,Philippines,31/07/2008,971,944
119,3119446,Giulietta Alliband,94 Lillian Point,China,31/07/2006,901,953
120,6472276,Jerrie Tyson,8 Melody Place,Philippines,08/08/1985,978,941
121,5554419,Valerie Acum,92500 3rd Terrace,China,16/06/1996,807,911
122,8580033,Meir Meritt,5 7th Avenue,Saint Kitts and Nevis,10/03/1975,987,971
123,1125408,Minna Ashworth,53 Meadow Ridge Street,South Korea,22/03/1979,812,931
124,3861340,Vonny Charteris,91 Hermina Lane,Kenya,20/02/1993,833,851
125,4460473,Catlaina Kitchingham,45838 Hauk Parkway,Thailand,26/06/2008,868,962
126,8072669,Bennett Benton,7593 Katie Center,Spain,31/01/1977,824,908
127,9093539,Adelaida Bonett,58830 Carey Terrace,China,04/01/1978,943,887
128,1998251,Anabel Cockshot,50399 Tomscot Place,Philippines,05/07/1979,877,951
129,5878482,Bordy Baroche,58011 Eagan Parkway,Pakistan,14/03/1968,804,904
130,5144807,Barty Gerwood,46895 Jenna Trail,Indonesia,20/11/1969,891,995
131,8425140,Roldan Winton,09761 6th Place,Nigeria,24/04/1999,898,878
132,3904965,Frankie Beven,13324 Melody Point,Kyrgyzstan,22/01/1980,813,893
133,2039996,Emelina Walklate,3 Quincy Road,Kenya,20/07/1992,847,802
134,6271896,Deirdre Oxe,350 Chive Court,South Africa,21/08/1963,978,840
135,3111213,Frederigo Burdfield,066 Morrow Pass,Japan,10/04/1989,865,822
136,8770986,Bud Betho,70624 Daystar Circle,Iran,25/04/1991,939,998
137,4887342,Benjie Penrith,1 Sunnyside Alley,Finland,21/07/1969,981,869
138,9446915,Jorrie Houselee,82 Corscot Way,Indonesia,14/08/1994,993,845
139,7422668,Brynna Libbie,2901 Kinsman Alley,Russia,14/11/2003,922,810
140,5839692,Woody Broxap,5 David Drive,Ireland,02/05/1973,991,943
141,1924170,Blythe Heathorn,9965 Blaine Place,Vietnam,04/06/2006,821,921
142,6429260,Cash Creenan,1 Westport Parkway,Ireland,10/04/1963,951,919
143,2207445,Levi Allsworth,4 Ruskin Way,China,12/09/1985,985,965
144,8343660,Haslett Knudsen,57591 Burning Wood Road,Botswana,17/05/1960,911,950
145,4800914,Pauly Santon,01 Northview Alley,Poland,17/12/1986,813,851
146,5994971,Blondie Stabler,809 Maryland Terrace,Thailand,26/11/1994,827,994
147,3396007,Abbe McMurdo,6844 Mesta Pass,Tanzania,23/09/2006,804,820
148,5162816,Jocelyn Pettecrew,915 Rigney Pass,Russia,05/12/1986,989,946
149,6788774,Tulley Roseburgh,6 Orin Street,China,08/08/1976,873,887
150,1356113,Wilburt Tiery,87055 Katie Parkway,Tanzania,12/01/1968,993,847
151,5059296,Chery Chattoe,7 Little Fleur Way,Philippines,12/11/1974,882,832
152,8235366,Elaine Hegden,6 Onsgard Trail,Philippines,13/05/2008,987,918
153,3631581,Martynne Rimour,0 Bartelt Drive,China,15/10/1993,944,996
154,1580133,Vance Glowacz,7 School Way,Vietnam,06/01/1981,954,939
155,2651442,Noelani Dignall,3 Beilfuss Hill,China,11/08/1998,962,878
156,9844744,Bibi Oak,8891 Raven Place,Poland,28/09/1989,999,988
157,1888004,Arturo Polack,0018 Thierer Alley,Greece,03/04/1973,845,962
158,9303992,Cassey Klima,36 Brown Place,Sweden,26/10/1976,830,850
159,4175756,Mallorie Trumper,66 Emmet Road,Bulgaria,18/01/1972,904,809
160,8227120,Orlan Pyatt,6 Sheridan Plaza,Mongolia,05/02/1973,803,837
161,4719351,Arly Feige,7961 Shelley Parkway,France,02/11/1960,887,921
162,9325234,Des Castello,2 Pond Lane,Zambia,14/03/1965,842,872
163,4744730,Darcie Eytel,139 Bartelt Lane,Mexico,17/10/1969,983,843
164,2629338,Alvina Heugel,65 Weeping Birch Place,China,12/05/1965,849,878
165,6644405,Inga Carlino,4081 Tomscot Avenue,Indonesia,30/09/1969,855,865
166,6530266,Herbie McGettigan,39305 Schlimgen Avenue,Croatia,18/03/1987,997,862
167,7991355,Dee dee Mingey,663 Jenna Crossing,Poland,15/08/1976,904,971
168,9745526,Kissiah Laurand,03 Tomscot Terrace,Indonesia,28/02/1997,844,822
169,2168036,Burt Hartrick,54599 Sutteridge Alley,Colombia,11/05/2007,947,902
170,1341241,Hamlen Dowall,92173 Orin Plaza,China,04/02/1970,949,965
171,7447157,Beverly Wiley,36 Eggendart Parkway,Japan,20/10/1980,950,849
172,2488302,Barrett Sunshine,73 Crest Line Point,Russia,07/08/1968,992,813
173,3045234,Perrine Alpes,6612 Katie Center,Sweden,13/08/2009,807,862
174,2786383,Decca Swiggs,74 Ilene Plaza,Ukraine,25/04/1964,958,921
175,4097427,Zondra Bartleet,493 Fremont Park,Indonesia,16/08/1984,835,839
176,3341258,Kania Tomblin,18365 Sachs Court,Mexico,09/08/1992,968,925
177,9491639,Oswald Collingwood,6 Hoard Road,China,29/08/1993,844,855
178,5590775,Judon Menichino,43 Linden Pass,Mongolia,05/05/1997,902,889
179,1163454,Henka Willavoys,0584 Mayfield Pass,Brazil,01/03/1972,962,940
180,4225979,Sibbie Scales,1 Lotheville Lane,Moldova,07/03/1988,920,968
181,3150280,Cora Udale,3 Helena Avenue,Czech Republic,06/06/1998,874,872
182,1367400,Enoch Watman,009 Service Pass,China,04/04/1987,971,898
183,3874561,Lion Oughton,1 Sugar Street,China,09/11/1997,939,835
184,1751409,Riley Tuttle,76 Caliangt Avenue,Armenia,04/01/1988,869,827
185,6801431,Weylin Hutson,33 Barby Street,Sweden,11/08/1992,870,975
186,2520037,Liz Ayton,5263 Maywood Center,Brazil,18/08/1962,836,877
187,6166209,Cathee Argrave,37 Maple Wood Court,Russia,06/10/1995,977,924
188,8324422,Lea Wessel,69 Coleman Way,Tunisia,06/05/2003,980,917
189,3531735,Ransell MacIlurick,243 John Wall Terrace,Canada,20/06/1976,892,832
190,3943322,Virgilio Hadcock,8 Westridge Hill,Brazil,14/03/2002,829,872
191,1545916,Hakim Peidro,4 Clarendon Center,Indonesia,11/05/1983,843,814
192,1500548,Joshia Collop,0010 Westport Road,China,16/04/2007,834,811
193,3379671,Marylou Jeffrey,42106 Express Parkway,Russia,12/05/2001,897,838
194,8903120,Lesly Junkinson,220 Moulton Drive,Belize,25/12/2007,815,843
195,8045469,Cameron Tuffield,6 Gerald Center,Colombia,21/05/1998,880,961
196,4680373,Gertrud Beggio,21 Hallows Point,Indonesia,30/09/2008,912,944
197,3099153,Naomi Tilford,39771 Anthes Way,France,12/02/1977,920,841
198,7500681,Bram Van der Spohr,085 Waywood Pass,Poland,21/07/1994,812,845
199,6310412,Willetta St Ledger,80 Menomonie Pass,Nigeria,30/06/1992,977,872
200,7409364,Devlin Grzegorzewski,8661 Roth Alley,Ukraine,01/11/2006,808,827
201,4622478,Johannes Bernolet,5 Pleasure Drive,Russia,10/03/1973,833,887
202,5696377,Juliet Baseke,92081 Hansons Drive,Haiti,06/12/1983,817,806
203,3780939,Westleigh de Werk,525 Weeping Birch Pass,China,08/05/1969,927,807
204,9796803,Bonnie Wolffers,69 Everett Avenue,Portugal,08/08/1993,806,902
205,1821437,Shandie McCunn,40 Haas Court,Ethiopia,23/07/1971,841,972
206,5084712,Odetta Mordaunt,7538 Lindbergh Hill,Libya,01/10/1963,893,889
207,3516760,Martguerita Hearfield,0 Sundown Park,Comoros,27/09/1964,970,819
208,4692031,Karlene Rappport,82129 Eagan Point,China,11/01/1988,959,964
209,3398604,Yovonnda Roxbee,77 Calypso Place,China,04/06/1977,954,886
210,7838348,Kin Dowglass,03563 Westerfield Circle,Ukraine,21/06/1996,900,918
211,4707052,Mariska Blanket,20 Clemons Hill,China,20/01/1993,864,879
212,4161599,Danyelle Garham,65142 Dexter Avenue,Bolivia,31/03/1984,905,900
213,5216237,Pauline Bartolommeo,31 Buhler Road,France,03/05/2005,864,922
214,1668787,Luke O'Kerin,829 Longview Terrace,Japan,01/04/1996,859,825
215,9794680,Trumann Dennett,1398 Pawling Road,China,27/01/2006,906,865
216,2308705,Sena McEntee,3351 Welch Hill,Colombia,05/10/1979,959,812
217,3563342,Luise Dutton,546 Mcbride Court,East Timor,25/03/1988,947,828
218,4834306,Mamie Absolem,11 Holy Cross Pass,Palestinian Territory,01/10/1983,838,850
219,9211199,Melicent Benedek,59736 Trailsway Place,Mauritania,27/03/1969,868,836
220,5830076,Timmie Konerding,581 High Crossing Pass,China,14/10/1997,891,917
221,6764609,Laural Souch,00888 Corben Plaza,China,25/03/1971,971,800
222,3667890,Henryetta Jeans,3 Warner Point,Philippines,25/09/1972,825,885
223,2035573,Felicio Brasier,3400 Fuller Alley,Serbia,27/09/1994,881,819
224,5117188,Ulick Moulden,708 Hollow Ridge Alley,Brazil,16/07/1987,931,895
225,2096118,Wash Betjes,187 Dayton Court,China,09/12/2005,868,823
226,8656222,Barnett Menchenton,718 Larry Street,Indonesia,12/03/2002,836,935
227,9546877,Legra Boots,18 Annamark Trail,Japan,13/06/1965,827,817
228,8031433,Dorolice Ponte,2 Stone Corner Hill,France,06/09/2002,863,954
229,6556273,Alexia Francescuzzi,2 Annamark Road,Ukraine,04/10/1977,821,816
230,8206478,Blake Trouncer,57 Brown Hill,Portugal,23/01/1981,869,953
231,4136702,Gan Cleevely,5243 Butterfield Parkway,China,30/01/1972,857,811
232,5109054,Dina Slorance,33 Tennessee Trail,France,20/12/1960,840,1000
233,5659197,Abby Caseborne,0958 Johnson Pass,Yemen,20/02/2003,819,846
234,6660563,Ari Lamden,2 Dapin Lane,Ireland,26/12/1991,970,989
235,4931019,Granville Cockburn,4 Amoth Point,Indonesia,14/11/1990,963,981
236,8163684,Kurtis Grzelak,0496 Milwaukee Lane,Moldova,15/02/2003,877,920
237,9341294,Patricia Motto,14 Longview Park,Philippines,12/09/1960,817,910
238,2586192,Trula Carlill,8662 Darwin Court,Czech Republic,20/07/2006,917,869
239,6883897,Llywellyn Splevings,1 Darwin Hill,Indonesia,02/09/1989,999,966
240,3090345,Valeda Fairlam,16531 Hallows Terrace,Ireland,11/07/1991,849,892
241,5983136,Maurie Mearing,612 Scott Plaza,Indonesia,18/12/1986,815,873
242,5167404,Gerri Gauntley,86301 Declaration Avenue,Croatia,01/07/1964,925,896
243,5178903,Egan Trengrove,7869 Pawling Road,Syria,28/06/2002,879,817
244,2306227,Mitzi Ofield,2334 Drewry Crossing,Greece,10/02/1989,804,903
245,2001943,Alyssa McCaighey,033 Manley Way,Croatia,05/08/1984,807,843
246,9756435,Haleigh Springtorpe,2939 Northwestern Pass,Sweden,20/02/2010,866,956
247,8090844,Harley McIntee,05 Gerald Lane,Faroe Islands,30/10/1984,842,942
248,4143708,Moe Hudspith,0 Tomscot Alley,Japan,09/09/1990,967,892
249,9816166,Waldo Inglish,6795 Gale Terrace,Indonesia,24/07/1999,905,816
250,6092333,Tommy Scarlet,95523 Lake View Trail,Bangladesh,17/05/1981,838,854
251,6460396,Trudey Wilding,26 6th Road,United States,10/03/1970,831,998
252,7904990,Alard Cowe,57592 Randy Circle,Colombia,16/06/1960,866,975
253,6465881,Gun Circuitt,1172 Di Loreto Drive,Sweden,06/11/2004,941,860
254,5642881,Nicoline Pentony,4271 Glacier Hill Terrace,United States,19/08/1991,943,843
255,5870981,Karel Dallmann,776 Norway Maple Lane,Belarus,28/01/1962,975,946
256,5113678,Dolley Westover,91697 Delaware Street,China,30/03/1977,834,984
257,7253965,Gilberte Reddin,5 Trailsway Crossing,France,16/07/1979,983,842
258,2928439,Grange Kilbourne,330 Eastwood Plaza,Indonesia,22/06/1978,924,859
259,1236929,Janice Rucklidge,0864 Pepper Wood Court,China,26/05/1996,841,990
260,2500039,Annecorinne Bartalini,3 Birchwood Place,Greece,10/06/2001,930,823
261,9816725,Elsy Kamiyama,64 Monument Way,Indonesia,22/08/1982,845,969
262,9945389,Lia Slowgrove,3428 Golden Leaf Street,China,14/11/1990,886,985
263,9749514,Elle Fenne,7439 1st Junction,Indonesia,21/02/2002,960,943
264,5749039,Riannon Mapplebeck,2 Red Cloud Crossing,China,06/06/1969,855,920
265,5492900,Margit Riall,71668 Forest Avenue,Poland,05/09/1976,850,800
266,5619085,Andreas Doud,5 Browning Crossing,China,08/01/1977,955,924
267,9029424,Christy Cowing,50 Monument Hill,Indonesia,30/07/1961,901,834
268,7878062,Mariquilla Stille,73 Fordem Point,China,04/12/1967,979,873
269,3095277,Austin Zammett,514 Dennis Court,China,14/03/1998,963,898
270,9868131,Damon Nend,6211 Eastwood Terrace,Cuba,11/10/1986,875,906
271,4392783,Blithe Raper,7 Westport Park,Indonesia,15/05/2001,865,871
272,1283654,Amelia Blaasch,45269 Banding Park,Dominican Republic,06/04/1999,948,886
273,7611169,Christy Cases,6 Manufacturers Court,Canada,21/02/1982,809,812
274,3212496,Britteny Refford,7854 Veith Junction,China,23/08/2010,865,959
275,6307279,Milo Skelhorn,8 Sutteridge Pass,Philippines,21/10/2010,806,934
276,7159149,Margeaux Baggot,71 Doe Crossing Court,Peru,11/08/1960,805,888
277,7760999,Myrah Vairow,711 Park Meadow Crossing,United States,16/06/1973,962,885
278,8244058,Ingrim Shepherdson,1 Loftsgordon Trail,Philippines,16/09/1964,835,850
279,2831256,Phineas Pashe,902 Packers Circle,China,01/12/1996,909,969
280,5636056,Ken Degg,01815 Village Parkway,United States,29/02/1976,853,990
281,5972735,Brooks Hellyar,158 Buell Street,Russia,03/07/2006,994,936
282,2358824,Dita Beri,3496 Shopko Circle,China,10/07/1983,952,945
283,5236451,Eolanda Chapier,7 Hoard Parkway,Indonesia,29/07/1985,825,823
284,9740093,Sanderson Malia,841 Dunning Terrace,Russia,04/09/1968,906,973
285,1442341,Charmaine Spata,03 Jenifer Terrace,Indonesia,21/04/1995,834,878
286,5455976,Imojean Titchener,948 Manley Court,Czech Republic,11/05/1992,863,825
287,3777927,Elysia Droghan,3 Mandrake Parkway,China,03/09/1993,836,839
288,2235481,Meriel MacGiffin,07 Westerfield Road,Indonesia,20/11/1987,902,979
289,2320020,Melissa Albertson,82 Lakewood Center,Ukraine,22/03/1990,831,991
290,9952027,Hartwell Offiler,6 Hagan Crossing,China,19/09/1998,907,970
291,7233516,Nanine Ibbett,32 Sullivan Park,Russia,24/09/1965,803,920
292,6925241,Vicki Livezley,4 Comanche Parkway,China,27/03/1986,935,987
293,7364989,Reina Draysay,85 Acker Alley,Philippines,07/07/1983,893,833
294,8294859,Stinky Resdale,5185 Starling Center,Czech Republic,16/12/1966,864,813
295,2999091,Bessy Maddison,76785 Weeping Birch Way,China,30/07/1984,991,815
296,9515607,Petr Huntall,67558 Stuart Junction,Guatemala,05/04/1975,802,925
297,8980527,Viva Lipmann,52 Maple Wood Court,Morocco,11/09/1989,904,946
298,5974748,Berny Domenge,2 Parkside Park,Russia,30/06/1980,897,961
299,1752352,Leonanie Mallabund,52512 Blue Bill Park Crossing,United States,01/10/2005,819,840
300,3304231,Luz Woolbrook,835 Oriole Lane,Ukraine,28/05/1969,943,964
301,2003206,Addi Wingfield,21880 Summit Road,Portugal,09/06/1980,913,858
302,6982417,Bernette Liversley,461 Talisman Alley,Indonesia,28/07/1981,980,856
303,8091574,Loree Labrone,81 Calypso Place,Russia,18/12/1988,990,933
304,8299230,Fedora Carpmile,59 1st Alley,Czech Republic,05/06/1997,917,942
305,9713937,Andie Maltby,602 Sloan Street,South Africa,22/08/1967,911,973
306,5279963,Jerrold Lazenbury,02554 David Hill,Vietnam,21/02/2002,897,953
307,3572695,Tobe Baudi,91371 Mosinee Center,Russia,11/10/2006,927,860
308,3493915,Nanon Bullocke,6 Delaware Center,Russia,17/12/1972,911,807
309,8622173,Kassia de Najera,349 Starling Trail,Saudi Arabia,04/08/1970,817,951
310,6827292,Maximilien Branthwaite,09 Kedzie Place,Bosnia and Herzegovina,09/02/1985,954,825
311,5252512,Harwilll Langcastle,534 Amoth Terrace,Canada,15/07/1979,996,897
312,6643314,Andra Dovinson,00776 Eagle Crest Lane,Jordan,02/08/1983,930,849
313,1974366,Daffie Dixson,2609 Arapahoe Crossing,Indonesia,22/04/1990,937,986
314,2651642,Carrie Dumingo,69 Delaware Way,China,25/08/2005,803,909
315,8112145,Niccolo Govenlock,8757 Bayside Lane,Poland,02/09/1967,943,846
316,8029960,Trudi Searsby,17 Summerview Crossing,Russia,20/09/1988,1000,876
317,2193925,Faulkner Hugonnet,839 Heffernan Road,Thailand,05/04/1988,979,908
318,9009083,Sue Willcock,5 Haas Place,Russia,29/05/1988,832,994
319,8578162,Tobe Bellefonte,8853 Eliot Terrace,Brazil,10/10/1986,939,874
320,8738891,Libbi Gamble,23647 Dorton Center,Afghanistan,09/01/1984,884,819
321,5479516,Micheal Frankum,7 Fordem Avenue,China,03/02/1961,988,822
322,8288510,Berti Rubinsohn,0508 Declaration Pass,Brazil,23/06/2002,864,864
323,8119076,Dorian Shepherdson,7083 Warner Pass,China,21/12/1970,935,932
324,9556002,Neal Iacopo,2438 Memorial Crossing,Brazil,16/07/2010,810,869
325,9690594,Merrily Geare,67275 Moland Way,Argentina,02/03/2005,942,857
326,9128899,Winni Entwistle,91 3rd Center,Belarus,19/10/2005,920,871
327,7470099,Harley Strelitzer,08873 Melrose Road,Russia,25/02/1977,959,805
328,7876297,Damiano Heddan,4800 Clove Place,Ukraine,29/09/1993,964,890
329,3799844,Nap Lapsley,6840 Troy Pass,China,24/11/2001,807,876
330,9050716,Randie Lutwyche,1 Ridgeview Parkway,Portugal,28/01/1966,901,953
331,7012011,Romonda Milverton,684 Village Green Road,China,13/08/2009,892,849
332,5909702,Kilian Dei,8699 Main Hill,China,23/07/2007,900,967
333,6859105,Clotilda Raiman,2460 Crownhardt Court,Iran,22/05/1969,942,928
334,1579369,Lovell Camies,23241 Merrick Crossing,Brazil,09/11/1983,874,872
335,8856746,Vevay Loosley,5330 Derek Trail,China,10/12/1993,960,841
336,2007007,Lynna Wilmut,792 Lien Circle,Poland,21/08/1994,887,925
337,5833799,Maxi Shevelin,07422 Vera Trail,Czech Republic,12/07/1998,868,918
338,9479038,Britta Setterington,319 Hazelcrest Terrace,Serbia,30/04/1980,908,805
339,7990495,Joelle Blease,4496 Arkansas Way,Czech Republic,20/02/1999,838,822
340,2703572,Maire Jickles,4 Heath Crossing,Portugal,20/05/1960,807,903
341,7872527,Skipton Crutchley,1264 Vidon Way,Mayotte,02/04/1999,940,838
342,1013850,Claresta Selliman,19 Morningstar Point,Poland,27/02/2010,940,853
343,7271013,Harlin Nornable,12823 North Place,China,02/07/1968,845,824
344,8516091,Kelcy Cannavan,85 Starling Place,Nigeria,10/01/1962,928,874
345,6304439,Patricia Trendle,2762 Shoshone Drive,Finland,12/09/1960,823,869
346,6361469,Skelly Kennet,3 Mandrake Drive,China,31/12/1961,881,800
347,3038321,Cortney Henrique,9 Summit Junction,Indonesia,06/07/1988,953,924
348,8039996,Dalia D'Alessio,6261 Westport Drive,Russia,03/04/1992,923,865
349,8645285,Lucinda Millsap,82684 Fallview Street,Portugal,31/01/1983,829,833
350,8812362,Caleb Valentetti,73 Walton Center,Portugal,15/10/1996,958,894
351,7764700,Madelin Ferrino,427 Declaration Alley,Thailand,26/06/1962,950,855
352,7729506,Lisle Gertray,66 Schiller Crossing,China,21/07/1990,917,807
353,8487388,Loralie Puddle,14 Carpenter Avenue,Russia,12/02/2005,816,907
354,1410236,Elvera Dunderdale,56 Thierer Parkway,Sweden,10/12/1990,818,809
355,7205570,Eustace Scurlock,19695 John Wall Road,Albania,04/06/2007,881,978
356,5936672,Cynde Obee,087 Corben Center,China,05/03/1989,825,978
357,2882490,Priscella Eason,644 Kropf Hill,Russia,12/03/2008,928,932
358,4654069,Alvan Moses,9858 Hoard Plaza,Colombia,09/02/2007,967,828
359,2030072,Mignon Oddey,6 Schmedeman Drive,Poland,31/05/1969,893,983
360,7927072,Barbabas Quimby,3405 Esch Crossing,China,15/01/1979,953,885
361,3892954,Jerrie Burdus,23419 Arkansas Center,Indonesia,25/09/2001,921,939
362,7275039,Arnaldo Perrinchief,9390 Shopko Trail,Philippines,25/11/1965,888,991
363,3944583,Amalee Tice,2770 Sauthoff Plaza,Philippines,20/04/2003,898,898
364,8754823,Kristan Hargrave,55 Victoria Parkway,Jamaica,13/06/1973,964,956
365,8806556,Maud Wey,6 Mitchell Way,Tanzania,29/09/1981,800,822
366,2914980,Karrah Scates,735 Vidon Alley,United Kingdom,18/03/1978,994,972
367,3985974,Wynne Durrans,35123 Toban Circle,Vietnam,11/10/1971,954,885
368,4727560,Corilla Nancekivell,761 Old Shore Park,Israel,01/04/1973,928,935
369,2097932,Purcell Bowe,4634 Chive Alley,China,17/08/1988,824,931
370,4833929,Shoshanna Wigzell,0168 Lukken Circle,Nigeria,19/03/1984,813,838
371,8902610,Saba Riste,39 Sage Hill,Lithuania,16/08/2007,851,993
372,4535861,Ricca Gerler,807 Mesta Way,Poland,04/06/1981,927,864
373,7672619,Lotti Woollaston,7531 Myrtle Road,Czech Republic,26/03/1977,987,923
374,2953627,Lauren Jelf,4 Sycamore Avenue,Indonesia,05/10/1965,819,892
375,2152026,Ibby Finker,0 Jay Street,China,28/04/2006,892,842
376,2587085,Sayres Pedri,21384 Gale Hill,Indonesia,21/12/1988,896,889
377,9844145,Laurens Perrygo,5325 Oak Court,Peru,02/10/2001,999,840
378,8713493,Mirabella Geikie,0733 Montana Way,Brazil,09/11/1966,877,940
379,1163895,Marlon Beininck,95146 Johnson Pass,United States,25/11/1991,975,815
380,7377847,Ricardo Mandrier,1500 Maple Court,Norway,30/12/2008,880,992
381,9801976,Farr Paroni,09 8th Drive,Spain,08/02/1975,833,976
382,7113097,Egor Egerton,2081 Melody Junction,Libya,18/08/1985,881,864
383,2470958,Devlin Bowcock,5817 Dennis Circle,Russia,05/10/1967,838,913
384,7369805,Lesley Attkins,445 Fordem Junction,South Africa,13/10/1995,868,956
385,3939775,Stacy Bartel,0213 3rd Junction,Russia,14/10/1993,800,824
386,8918481,Seana Pyburn,6824 Fuller Park,Niger,09/05/2000,864,904
387,6984732,Kristyn Glenister,61 Melrose Avenue,Colombia,18/03/2001,960,937
388,2668251,Ingaberg Aird,1 Del Sol Point,China,26/10/2005,986,987
389,3601016,Devi Arunowicz,981 Caliangt Crossing,Russia,09/11/1986,887,991
390,1696993,Field Sydes,765 Ridgeview Avenue,Sweden,17/08/1998,989,857
391,4442926,Morgun Mayte,6220 Monument Crossing,Saudi Arabia,29/09/2000,865,817
392,6121615,Glyn Blaasch,0 Lerdahl Parkway,Ivory Coast,04/01/1989,886,871
393,6128224,Annabelle Tunnicliffe,656 Northridge Place,China,17/07/1979,996,912
394,3691547,Terrie Steffan,9752 Dawn Crossing,Ireland,06/03/1962,927,821
395,8783837,Jemie Iacovielli,8587 Melby Court,Peru,19/04/1964,834,870
396,5885924,Bertina Haveline,7 Ludington Drive,Costa Rica,27/05/1989,933,861
397,2700360,Zabrina Crone,21 Russell Avenue,Honduras,21/08/1961,997,947
398,3347868,Hildagard Knightley,97165 Kensington Pass,Syria,19/02/1970,833,817
399,2038866,Ring Goodship,99 Springview Place,Norway,13/10/1965,822,970
400,4472269,Darcie Lutty,1006 Lawn Terrace,Malaysia,14/05/1980,868,884
401,4654087,Cissy Kittle,434 Mifflin Center,Vietnam,17/08/1986,967,955
402,2845432,Wendell Newlyn,33550 1st Parkway,Portugal,10/02/1970,822,818
403,9065697,Darline Toquet,976 Luster Center,Canada,20/03/1978,956,800
404,8177393,Fina Kleinert,6223 Randy Drive,Armenia,08/01/1990,909,895
405,4559888,Morry Jentges,5 Melby Plaza,Nigeria,02/11/1998,902,854
406,5086452,Norma Browning,3651 Rigney Hill,Thailand,05/10/1997,1000,968
407,3619359,Devora Fishburn,09 Blue Bill Park Alley,China,18/11/2001,844,803
408,6116630,Hubey Setterthwait,619 Waxwing Point,Nigeria,24/12/1978,822,946
409,7405190,Dahlia Maud,21755 Sloan Avenue,Kenya,26/03/1992,923,975
410,5065254,Sheilakathryn Bediss,39 Carioca Trail,Slovenia,11/08/1994,833,815
411,6667896,Joline Creek,652 Vermont Parkway,Bahamas,20/02/1971,842,869
412,8464650,Regine Pitfield,1 Merchant Street,China,14/01/1964,960,898
413,7378394,Ailsun Bonhomme,32696 Grasskamp Place,Indonesia,13/06/2005,944,898
414,5115176,Susann Le Strange,9762 Eliot Point,Ireland,17/01/1968,905,925
415,4989833,Jo-anne Dorian,41 Meadow Valley Terrace,Philippines,06/04/2008,921,944
416,8834051,Mortie Gaitone,30038 Parkside Parkway,Norway,22/11/1964,842,826
417,6458560,Kristoffer Mowsley,594 Nevada Terrace,China,01/10/1962,972,950
418,3182142,Laurens Lisimore,1612 Rieder Hill,Tajikistan,04/08/1992,972,829
419,3186876,Antin Standeven,67100 Schiller Point,United States,09/06/1970,940,950
420,3380684,Jackqueline Burmaster,3161 Moland Center,China,05/04/1975,981,905
421,9975678,Brandea Plott,86024 Sommers Junction,Somalia,18/01/1980,874,878
422,5590233,Leandra Chmiel,54 Buhler Terrace,Venezuela,23/02/1978,899,895
423,7640324,Farly Dunford,69 Dennis Park,United States,19/01/1986,988,972
424,4797511,Kassie Tipler,922 Commercial Lane,Greece,08/11/1996,965,835
425,5215773,Susie Bellow,1 Mallard Point,China,22/08/1972,887,817
426,5025884,Jeralee Grayland,46232 Superior Terrace,Philippines,18/05/1986,825,987
427,7864506,Francklin Durbin,78 Messerschmidt Crossing,Indonesia,02/01/2010,922,876
428,6432857,Pia Gavaghan,91 Dovetail Place,South Africa,12/01/1970,801,992
429,4818113,Petronilla Strathdee,12904 Glendale Trail,China,11/03/1987,972,917
430,9275955,Phineas Geeson,11322 Sunbrook Trail,Serbia,18/06/1965,989,928
431,5261076,Angel Pulford,56 Cottonwood Street,Mexico,06/04/1960,951,826
432,4588441,Chaddy Foxall,533 Everett Terrace,Poland,31/08/2004,807,869
433,7597294,Oona Gazey,7615 Sunbrook Park,Russia,11/10/1974,863,899
434,6494107,Wendy McKerlie,2 Forest Trail,United States,12/08/1990,851,938
435,9294441,Seamus Clampett,08 Cambridge Alley,Montenegro,01/12/1964,860,968
436,7045550,Ulla Hovee,79751 Melby Center,Philippines,05/06/1993,952,809
437,1992725,Dolf Wyche,0713 Messerschmidt Hill,Poland,07/04/1977,815,814
438,2665934,Gerrie Hadgkiss,3916 Oakridge Court,China,21/03/1996,872,840
439,3711704,Silva Pietasch,29160 Graceland Point,Iran,22/04/1966,932,953
440,4923764,Fidelia Swettenham,6891 Marquette Hill,Argentina,27/12/1971,826,811
441,1956540,Carmen Dalglish,6992 Dexter Street,Gambia,08/01/1998,902,821
442,6648914,Dennis De Beauchamp,511 Center Alley,Jamaica,23/11/1992,827,822
443,1536068,Fredericka Lineham,59462 Myrtle Court,Brazil,01/08/1980,855,885
444,9458669,Rivalee Steed,34544 Little Fleur Junction,Brazil,16/06/1991,963,802
445,2720445,Theressa Kermode,81 Rieder Avenue,China,07/08/1976,969,927
446,4941804,Dar Nunn,8 Commercial Drive,Nigeria,15/12/1992,982,898
447,4227296,Jordain Kuhlen,7016 Thompson Junction,United States,15/11/1976,984,899
448,1946182,Hester Civitillo,40 Kedzie Trail,Norway,24/11/1987,931,856
449,5532518,Markus Eirwin,3285 Petterle Plaza,Philippines,18/06/1986,846,908
450,5821183,Drucie Course,99 Petterle Pass,Mexico,31/07/1979,975,930
451,6873688,Emmaline Card,5482 Huxley Parkway,Indonesia,07/06/2004,938,871
452,9037325,Christabel Lammert,851 Comanche Place,Philippines,29/09/1968,882,939
453,3608484,Tobit Cherrison,35 Calypso Hill,China,29/12/1974,902,814
454,2999641,Elisha Moorton,43 5th Road,Bahrain,22/11/1983,984,987
455,8296543,Purcell Swancott,12 Farmco Way,Tunisia,17/06/1961,805,936
456,9238946,Abagail Purslow,87407 Melvin Avenue,France,07/01/1960,952,952
457,8099071,Marcy Bewshea,1 Summer Ridge Court,China,27/02/1960,828,941
458,5462458,Marco Madden,209 Gerald Circle,Philippines,09/10/1989,827,801
459,9193337,Angela Wurz,78775 Menomonie Trail,Croatia,14/02/1969,837,916
460,7945466,Merry Harral,6554 Debra Place,Ukraine,19/03/1969,819,829
461,2445671,Penny Akaster,549 South Terrace,China,24/09/1979,828,859
462,7311367,Daphne Kitchaside,62 Mifflin Center,Pakistan,10/08/1967,913,919
463,6567434,Shelba Manske,70498 Delaware Alley,Greece,17/10/1986,879,877
464,8070040,Stearn O'Dunniom,4492 Stang Parkway,Haiti,21/04/1971,907,931
465,9824912,Clive Ruger,36518 Texas Parkway,China,25/07/1993,823,941
466,5818316,Elvera Samworth,078 Utah Trail,France,02/10/1993,958,949
467,4831842,Jordon Hamments,6903 David Park,China,24/10/1985,941,904
468,8752187,Truman Meechan,49507 Butternut Crossing,China,08/02/1967,926,935
469,2622176,Jorge Widmoor,2149 Vernon Lane,China,06/03/1986,963,960
470,4730496,Sim Wafer,56663 Debs Hill,Indonesia,12/11/1980,933,843
471,1352738,Olag Owain,15 Westend Avenue,New Zealand,16/08/1995,803,840
472,6604197,Kelila Tuma,91667 Colorado Lane,China,21/07/2008,997,801
473,3884870,Curtice Reese,8636 Reinke Hill,France,08/01/1971,968,901
474,6598566,Linell Leall,61718 Annamark Place,New Zealand,05/07/1970,857,990
475,7285275,Gabi Turfus,0820 Corscot Trail,Bolivia,06/11/2004,918,931
476,7076792,Reynard Nolda,53186 Ilene Junction,Indonesia,07/03/1998,879,907
477,8094244,Merrel Downs,7 Gina Way,Serbia,09/08/1966,800,900
478,2518832,Gauthier Sebrook,27182 Meadow Ridge Terrace,Indonesia,29/05/1995,948,821
479,8615330,Jack Fensome,39 Lakeland Alley,Indonesia,10/01/2001,991,807
480,3526458,Bryant Blanshard,3 Sunbrook Terrace,France,01/07/1960,994,989
481,2925982,Wendye Fonte,86 Transport Avenue,Belarus,05/10/2003,986,832
482,7640424,Jodi Stickley,7806 Spenser Hill,Indonesia,06/05/1970,922,823
483,5797738,Jules Kastel,4 Iowa Street,Philippines,06/01/1997,975,821
484,4784560,Ivonne Gowler,55 Loftsgordon Circle,France,26/11/1966,815,867
485,9736119,Joellyn Giorgione,91 Lerdahl Road,Pakistan,04/09/1991,867,967
486,6418632,Marillin Abba,287 Declaration Street,Albania,18/01/1973,935,981
487,9282127,Humphrey Etches,9027 Vera Drive,China,03/03/1991,970,899
488,9170238,Charlene Songhurst,71843 Brentwood Way,Sweden,13/10/1996,832,951
489,7430080,Dallas Neal,38845 Melrose Terrace,Croatia,12/11/2010,886,960
490,4370666,Robinson Care,09286 Del Mar Terrace,Democratic Republic of the Congo,27/06/1987,844,845
491,7801985,Bryn Matzl,1 Hudson Park,United States,11/04/2008,909,959
492,5618058,Blondell Folger,2 Forest Dale Point,Indonesia,01/11/1986,985,835
493,2475018,Portie Elward,99157 Northfield Terrace,Sweden,22/11/1983,960,996
494,9284362,Kristien Richly,9 Rutledge Park,Colombia,01/03/1981,992,827
495,6788161,Benny Banck,3 Mcbride Avenue,Czech Republic,01/02/2004,805,877
496,2436470,Katalin Dayes,267 Fisk Way,Uzbekistan,20/03/1979,930,875
497,5272019,Hayward Durrant,8857 Havey Court,Indonesia,29/09/1964,824,845
498,8846552,Jenelle Jedrych,169 Heath Plaza,Indonesia,19/07/1974,893,944
499,9450595,Brenda Linacre,17262 Montana Court,Portugal,26/05/1960,867,961
500,2386577,Haydon Rowen,55042 La Follette Lane,Mexico,23/05/1974,995,995
501,8203155,Erhard Mynett,92550 Riverside Place,Indonesia,20/03/1990,888,901
502,3991261,Michale Philipsohn,8 Memorial Plaza,Poland,03/07/2010,819,887
503,2524261,Yoko Klulicek,66660 Eagan Drive,Indonesia,15/11/1996,982,887
504,5395415,Cati Grent,22107 Dovetail Center,Honduras,01/11/1982,816,918
505,3750557,El Chastey,383 Farwell Lane,Indonesia,14/10/2003,820,911
506,9484806,Armstrong Kennedy,3 Declaration Plaza,Philippines,18/01/2004,928,947
507,1744765,Felipe Hawkswell,92201 Corscot Lane,Czech Republic,23/11/2005,807,862
508,8369868,Maye Ilyunin,3650 Granby Trail,Indonesia,13/12/1988,920,899
509,7435188,Ame Tabbernor,11876 Michigan Court,Syria,15/05/1961,854,966
510,9408618,Cristiano Matresse,7237 Dunning Center,China,22/03/1984,838,834
511,6898060,Byrom Borham,7927 Loftsgordon Street,Indonesia,29/12/1979,870,892
512,9295044,Banky Antognozzii,3 Ilene Hill,Netherlands,26/10/1962,967,804
513,9100465,Chaim Gunton,6182 Ilene Lane,Vietnam,22/12/1962,803,817
514,1422608,Carly Royan,3 Emmet Pass,Bulgaria,21/02/1960,858,918
515,2249435,Eveleen Burriss,82754 Basil Road,Portugal,13/08/1983,917,930
516,8179869,Madelene Berston,76 Lake View Court,Indonesia,20/06/1976,903,912
517,8487584,Tanner Haberfield,922 Stone Corner Center,China,05/02/1979,889,985
518,4589442,Pammie Jessett,6 Longview Parkway,China,20/05/2008,913,938
519,4775456,Nobie Leall,2565 Stoughton Point,Nicaragua,28/06/2005,996,999
520,2806244,Penrod Stode,9383 Rusk Parkway,Indonesia,07/12/2008,833,803
521,9930691,Turner Broodes,82813 Kingsford Drive,China,20/11/1968,867,807
522,1295748,Daryl Lodo,33 Little Fleur Hill,France,03/01/1981,910,999
523,7735975,Marcia Fish,5 Carpenter Way,Thailand,27/03/1974,847,879
524,9649459,Bourke Sugarman,57 Helena Point,Chile,29/10/1991,851,982
525,9308225,Trenna Rosendahl,13 Colorado Center,Japan,01/02/1987,932,864
526,5821930,Ahmed Harlowe,6 Roxbury Junction,Dominican Republic,30/10/1991,843,977
527,8535472,Sarena Soreau,100 Schmedeman Parkway,China,11/03/1961,955,918
528,9189354,Jamima McLeish,387 Jay Street,Democratic Republic of the Congo,02/06/2000,817,954
529,1879794,Eustace Want,54626 Buell Circle,Brazil,26/10/2003,906,962
530,2105489,Veronike Stanier,3318 Sugar Way,China,26/10/1982,993,873
531,1892585,Berny Huc,7041 Hoepker Terrace,Sweden,12/02/1984,959,814
532,6419813,Danice Oulet,11818 Hermina Road,China,15/01/1994,824,852
533,3903101,Germain Pummery,349 Springview Hill,Portugal,11/07/2008,876,930
534,5043530,Lionello Tartt,45 Blaine Point,China,15/05/2001,844,817
535,5588703,Shaun Pattingson,554 Magdeline Terrace,Sweden,03/03/1990,937,887
536,6197126,Donovan Kopp,7 Melody Terrace,Portugal,20/03/1995,902,939
537,7177000,Eustacia Devitt,0 Norway Maple Hill,Indonesia,22/08/1997,833,845
538,4339517,Frankie Curnock,2797 Autumn Leaf Place,Indonesia,12/12/1964,825,833
539,9410272,Clevie Peche,9420 School Center,Yemen,28/08/2008,811,919
540,9845223,Fidel Cratchley,28371 Elka Place,Honduras,29/12/1994,957,841
541,6122638,Bay Fulbrook,86 Jay Street,Thailand,30/09/1999,969,867
542,6460857,Brent Burberry,56 Debs Way,Portugal,12/04/1968,993,891
543,3835394,Yovonnda Deverock,77 Green Ridge Parkway,Brazil,26/05/2007,949,818
544,9133209,Maggie Giuroni,2 Coolidge Avenue,China,11/10/1961,861,931
545,3672923,Alaric Rennox,44480 Springview Lane,Philippines,10/02/1968,862,998
546,7768718,Ainsley Huxter,01 Schurz Circle,China,04/06/1985,948,854
547,3075246,Dmitri Tumilson,738 Jenna Drive,Indonesia,14/11/2007,951,899
548,6816776,Al Gepp,10 Dapin Crossing,Norway,10/03/1979,964,941
549,7897916,Rubi Lapthorn,548 Mitchell Center,Slovenia,26/06/1980,814,877
550,1110737,Lauree Marsland,8 Dayton Avenue,Russia,15/12/1979,975,846
551,4156060,Shalna Stanworth,8981 Warbler Street,Malaysia,05/03/1989,873,901
552,6847386,Hobey Aloway,50483 Boyd Avenue,Canada,15/05/1978,848,955
553,7026811,Izabel Faust,5993 Springview Way,Indonesia,30/09/1961,909,983
554,1560316,Mortie Urpeth,57 Huxley Avenue,Russia,28/08/1969,824,838
555,9447660,Alisun Pooley,454 Schmedeman Court,China,20/01/1989,997,865
556,7128659,Coretta Baumann,64330 Kings Pass,China,05/04/1969,864,912
557,3328321,Karee Rolin,7 Service Center,China,01/01/1967,953,852
558,1103943,Flora Gianullo,101 Doe Crossing Crossing,Argentina,08/05/1974,898,934
559,2120381,Fred Brotherhood,58 Oneill Point,Sweden,14/04/1989,927,839
560,2495538,Jasmine Gillino,8232 Steensland Road,Bulgaria,28/07/1964,828,943
561,6774957,Eberto Hissie,38 Corry Pass,Sweden,24/03/1982,821,881
562,4378812,Glori Doyland,7816 Almo Trail,Afghanistan,24/09/1977,873,993
563,8513285,Rakel Cassy,770 Nancy Plaza,France,25/09/1984,800,809
564,3155821,Stavro Davion,34931 Blue Bill Park Trail,Germany,03/11/1965,914,807
565,9730746,Solomon Nani,40297 Golf View Center,Philippines,03/12/2008,930,838
566,7270608,Lindsey Pears,958 Evergreen Park,Philippines,09/05/1973,820,917
567,7605163,Elston Jerdan,62 Carioca Crossing,France,26/11/1964,910,814
568,3601857,Martynne Krabbe,2 Scott Pass,Portugal,20/01/2007,810,808
569,4194418,Darnall Mattinson,75 Center Hill,France,20/12/1995,825,891
570,2553976,Sandy Rainville,9243 Ohio Avenue,Democratic Republic of the Congo,15/05/1981,984,880
571,3109058,Gray Crapper,0 Loomis Junction,Ukraine,29/04/1979,947,909
572,8718763,Joellen Rankcom,621 Heffernan Crossing,China,03/02/2008,871,960
573,6452490,Cody McCrillis,32154 Northport Point,Canada,18/07/2005,903,835
574,4955647,Ted Quinet,1 Boyd Way,Indonesia,20/06/2006,951,972
575,4443555,Jervis Blaxton,2 Harbort Circle,Syria,03/12/2009,958,931
576,9163316,Loralyn Maundrell,061 Declaration Lane,Philippines,29/08/1993,976,875
577,4262377,Audra Hicklingbottom,189 Towne Center,China,12/04/1981,830,884
578,8345062,Brennen Bohlje,08788 Ohio Street,Peru,09/10/2004,952,812
579,1756834,Jorge Justice,4693 Anthes Road,China,28/01/1969,982,987
580,8699778,Whitney Divis,3 Sommers Parkway,Czech Republic,16/05/1999,869,942
581,7085864,Bat Marre,52848 Cardinal Trail,Indonesia,27/03/1962,951,999
582,3887811,Allina Fifield,3 Farmco Way,Ukraine,27/01/1985,937,908
583,5954504,Skipp Dubery,931 Mccormick Terrace,Philippines,08/07/1967,926,870
584,9343981,Tynan Bailie,52645 Golf View Plaza,Venezuela,08/09/1970,865,983
585,2347614,Fredrick Thomton,4 Vahlen Trail,Dominican Republic,16/09/1974,921,840
586,3335918,Tremaine Stigers,58 Graedel Alley,China,05/04/1968,895,871
587,8252830,Audrey Wimp,025 Carpenter Crossing,Taiwan,03/04/1997,876,896
588,8354438,Krissy Diem,242 Carberry Park,Indonesia,11/06/1964,882,815
589,2096005,Alex Jeandel,064 Jana Crossing,China,03/03/1972,910,921
590,4056675,Rowland Maydway,97977 West Crossing,Indonesia,09/09/2005,972,901
591,1967813,Ebeneser Prati,606 Raven Parkway,China,20/03/1979,827,807
592,8216174,Karoly Sherlock,6047 Mccormick Crossing,China,07/06/2004,861,988
593,4665983,Angelia Clethro,05 Anthes Street,Pakistan,18/11/2002,957,954
594,1220138,Deni Squibb,9881 Division Alley,Portugal,14/02/1996,808,818
595,4913551,Marris Peotz,8 Hazelcrest Street,Ukraine,28/02/1967,870,867
596,1550346,Genna Flexman,25163 Evergreen Avenue,Indonesia,11/11/2007,888,886
597,1261059,Brandyn McAughtry,283 Debs Street,France,29/12/1972,950,888
598,6413561,Zuzana McMickan,34603 Hanover Crossing,Serbia,25/06/1971,870,972
599,7405754,Reinald Gouldsmith,27 Macpherson Place,Tanzania,20/10/1967,994,886
600,3167402,Granville Hacard,80916 Ohio Parkway,Greece,02/03/2002,924,928
601,9643676,Jolene Clementet,465 Talisman Park,China,29/09/2006,857,883
602,6939990,Nestor Jahn,329 Novick Street,China,14/07/1996,823,832
603,6239777,Annissa Drissell,84 Tomscot Street,Morocco,01/09/1991,830,829
604,9023978,Talbert Noller,83 Comanche Plaza,Indonesia,03/04/1978,837,906
605,1224970,Sascha Quinnet,93825 Mariners Cove Avenue,Poland,28/04/1968,934,977
606,6487792,Rollie Peaden,44210 Banding Lane,China,26/01/1962,820,910
607,3041079,Vida de Verson,804 Corscot Place,Guinea,09/09/1983,887,965
608,2685916,Taber Sumpter,70564 Russell Place,Pakistan,19/03/1966,848,893
609,5920091,Catrina Plesing,0 Meadow Valley Lane,Indonesia,14/12/1966,828,886
610,6518813,Carla Willmetts,90568 Shasta Road,Peru,23/04/1988,965,801
611,5823186,Balduin Kabisch,43313 Charing Cross Crossing,France,08/08/1961,932,866
612,6553488,Lenette Licence,09 Sage Junction,China,11/03/1999,937,821
613,1532873,Virgilio Cuttin,88 Riverside Drive,Indonesia,19/04/1963,968,865
614,7899178,Wayland d'Escoffier,534 Maywood Alley,Indonesia,13/08/1993,854,994
615,5930725,Del Kaszper,61 Derek Terrace,United States,17/02/1969,857,886
616,8876220,Linda Totman,6850 Helena Hill,Indonesia,01/09/1966,997,905
617,6111958,Mischa Hayto,259 Bunting Street,Sweden,29/11/1966,906,852
618,7056402,Jacquetta Vousden,95 Sachtjen Crossing,Peru,05/06/1969,891,919
619,9532777,Aurlie Phinnis,917 High Crossing Crossing,Cuba,08/08/1968,992,851
620,1525651,Scotty Fundell,454 Dixon Place,China,30/10/2010,860,970
621,1581714,Maria McIan,41 Fremont Court,Bolivia,13/09/1961,857,937
622,7757377,Maurise Hallowell,312 Nobel Way,Thailand,05/05/1997,877,949
623,6259686,Noah Tedahl,93808 Emmet Hill,Sweden,29/06/1986,852,862
624,6222888,Licha Morais,53 Monica Circle,Argentina,14/10/1982,988,851
625,9241291,Hetty Brecknell,52 Lien Alley,Venezuela,27/01/1961,926,985
626,7488537,Tersina Saiger,73 Hoard Junction,Russia,16/04/2006,874,931
627,2497883,Davidde Chapiro,8152 Golf View Hill,Brazil,07/05/1981,874,812
628,2753154,Sean Montes,1242 Barnett Road,Poland,18/07/1967,926,951
629,9668343,Mattie Rake,50202 Judy Trail,China,06/02/1967,966,943
630,3103301,Becca Pendreigh,61 Kropf Hill,Pakistan,16/09/1994,963,886
631,6553651,Melinde Nizet,09 Esker Way,China,05/08/1995,854,820
632,3777686,Thomasa Himpson,2620 Beilfuss Pass,China,15/12/1994,955,988
633,8634976,Dorise Bowyer,7174 Pennsylvania Street,Russia,12/12/1972,989,940
634,2283066,Anetta Wrenn,533 Reindahl Avenue,China,10/07/1973,960,938
635,6290981,Elsie Piscopo,70212 Cordelia Drive,Brazil,16/02/1986,808,872
636,6398854,Miquela Impett,3762 Del Sol Lane,Saint Vincent and the Grenadines,16/01/1979,875,800
637,9937600,Carmencita Limpenny,342 Twin Pines Road,China,18/08/2010,956,913
638,9785979,Hermia Wrightam,87 Anthes Way,Portugal,03/01/2006,849,950
639,3302522,Meghann Haldenby,42160 1st Road,Indonesia,29/12/2008,863,860
640,8353986,Vito Crossley,80 Utah Parkway,Peru,15/11/2008,940,949
641,9234881,Giavani Devita,39 Southridge Pass,Ireland,20/05/2003,935,941
642,4020600,Daniele Macauley,9 Anniversary Hill,Indonesia,27/10/2000,842,926
643,9303699,Caresse Kelso,6 Grover Drive,Japan,21/04/1966,824,902
644,3605071,Trev O'Skehan,4 Maple Wood Pass,China,22/01/1979,814,918
645,6576157,Cornela Sidary,6476 Dorton Plaza,Tanzania,28/02/1978,990,953
646,6758701,Imojean Kittle,81 Maple Court,France,23/04/1970,943,876
647,1783629,Fraser Guilayn,6 Crownhardt Lane,Portugal,13/12/2007,881,814
648,1809307,Jason Scanterbury,46428 Brentwood Point,United States,09/10/1993,975,852
649,7531801,Lyndel Eastwood,64631 Prentice Way,Canada,26/05/1974,829,991
650,7051422,Vaughan Drover,3689 Hermina Street,China,10/10/1982,905,886
651,3489231,Minta Bartosik,6724 Bartelt Pass,Sweden,14/10/2008,902,934
652,7340374,Gaynor Gallihaulk,00 Schmedeman Point,Sweden,15/11/1978,849,966
653,2786831,Johannah Cathel,7 Brickson Park Place,Sweden,20/01/1978,942,920
654,9027360,Millicent Bruckental,53968 Burrows Court,China,27/05/1962,820,814
655,3862223,Leupold Bickerstasse,0551 Lindbergh Street,Ireland,27/01/1980,832,981
656,9482214,Orlan Hattoe,82496 Crest Line Hill,Russia,28/08/2001,887,823
657,1232519,Catharina Ericssen,539 Vidon Place,Portugal,26/02/1962,956,978
658,4982961,Layne Gulston,099 Hoffman Parkway,Czech Republic,31/08/1966,859,938
659,5747605,Jermain Colwell,553 Clyde Gallagher Terrace,Ecuador,14/06/1966,867,849
660,2257558,Hanan Syddon,15676 Shasta Crossing,New Zealand,15/10/1994,895,908
661,3916514,Norri Habbijam,88 Oxford Plaza,Vietnam,15/03/1991,956,815
662,2238163,Elyssa Mapston,22 Monica Avenue,China,04/02/2009,993,808
663,1164289,Cesar Warfield,0848 Pierstorff Terrace,Thailand,17/09/1987,800,863
664,6402848,Cherin Tewnion,3 Lunder Crossing,Pakistan,30/06/2010,857,993
665,5066360,Abie Sunnex,4048 Sauthoff Court,Bulgaria,19/08/2003,936,950
666,1136627,Cammy Cotter,58 Gale Crossing,Japan,19/03/1998,816,901
667,6666182,Collin Abrahart,810 Mesta Street,South Africa,12/02/1978,862,834
668,1473165,Basia Yelden,40250 Express Crossing,East Timor,24/04/1961,984,845
669,8659105,Melesa Trimming,631 Dayton Road,China,16/06/1968,939,865
670,7593196,Sherill Coleford,1875 Green Lane,Jamaica,15/02/1973,958,809
671,2613665,Netti Newbatt,37196 Arkansas Way,United States,08/05/1961,958,899
672,4297640,Lew Hume,1969 Dottie Alley,China,08/09/1995,917,830
673,1272783,Nickie Cantillion,72 Sugar Avenue,Israel,27/10/1978,908,900
674,7201045,Reynolds Nazaret,4600 Pepper Wood Avenue,Brazil,24/05/1997,979,927
675,5450766,Bertie Hierro,516 Sachs Alley,Russia,12/12/1972,855,883
676,1407621,Gavin O'Caine,146 Dayton Plaza,China,16/07/1982,994,937
677,1633118,Delilah Eilhersen,20610 Petterle Place,China,29/12/1996,990,886
678,8183420,Edy Brend,33 Stone Corner Drive,Dominican Republic,03/10/1988,944,942
679,1314354,Elaina Gainsboro,44914 Jay Terrace,Canada,07/08/1992,870,840
680,1226272,Leonie Tift,32734 Hooker Court,China,17/09/2005,885,950
681,9547300,Xenia Spurier,308 Starling Point,China,10/09/2004,949,877
682,9773818,Rhetta Tollet,44703 Jana Court,Benin,11/12/2008,852,957
683,9263033,Montague Michin,3543 Maple Wood Trail,Mexico,17/09/1993,929,901
684,9936691,Amie Matignon,9992 Eagan Pass,Portugal,21/04/1991,973,843
685,4047133,Harriette Giovanardi,1684 Ronald Regan Plaza,China,10/07/1971,963,880
686,7679442,Chariot Abramsky,83 Knutson Terrace,China,24/04/1963,801,945
687,4513404,Aldwin Scollard,735 Hagan Pass,Pakistan,23/09/1997,854,928
688,9409465,Neile de Quesne,30394 Ridgeview Pass,Ukraine,11/08/2004,992,946
689,6618920,Gavra Ferrarotti,06931 Dennis Center,Nigeria,11/10/2003,986,922
690,4302923,Vale Bertomieu,73 Badeau Park,Serbia,15/07/1983,818,947
691,6990462,Pembroke Benmore,6 Annamark Parkway,Philippines,26/01/2002,972,954
692,8250491,Janette de Savery,06 Pawling Center,Thailand,11/05/1974,858,954
693,5730897,Hanny Cowdroy,303 Center Plaza,Indonesia,26/02/1960,923,970
694,8187275,Chelsey Grisdale,4383 Onsgard Junction,Russia,02/06/2010,940,800
695,9989615,Derby Bertenshaw,16420 Valley Edge Lane,Sweden,05/05/1981,821,929
696,7462179,Clary Halshaw,741 Tomscot Point,Croatia,28/08/1985,868,924
697,7105946,Jane Ghiraldi,90 Havey Park,Bulgaria,03/10/2010,811,817
698,9917042,Kirbie Tarbet,50412 Anderson Center,Philippines,05/03/1980,828,801
699,3337941,Webster Wilmut,73963 Superior Point,Indonesia,28/06/1978,911,883
700,7586040,Fields Shipway,4 Arizona Street,Argentina,20/10/1970,904,831
701,7533556,Lance Brotheridge,33 Carpenter Plaza,Paraguay,22/11/1992,880,969
702,5034016,Romola Fittall,02234 Truax Way,Philippines,16/06/1992,857,943
703,7787271,Jilli Staples,6 Helena Place,China,02/04/2000,958,947
704,7593117,Constantia Glassborow,2 Banding Point,Philippines,28/09/1971,941,989
705,8943560,Averill Pogson,0538 Fulton Plaza,China,27/07/2002,933,994
706,8092947,Albertina Skurm,32 Rusk Junction,Morocco,16/08/1967,958,878
707,5306249,Biron Buggs,856 Northview Street,Uruguay,04/08/1995,997,919
708,2224755,Raine Greene,818 Fremont Court,China,22/06/2006,854,978
709,9438388,Tiffy Sorey,0 Chive Lane,Bulgaria,03/02/1990,918,912
710,2679558,Lacy Tweede,1 Artisan Trail,Brazil,23/09/2006,971,810
711,3496874,Khalil Dwine,31959 Nancy Point,Pakistan,27/05/1982,836,801
712,7001299,Sherlocke Worrall,71 Brentwood Trail,Ireland,08/06/2001,935,898
713,5616420,Ebeneser Marrett,04703 Hoffman Drive,China,09/08/1966,801,991
714,9432286,Cy Mitchley,3455 Toban Court,Samoa,29/04/1998,884,974
715,6160800,Tasha Deboy,17537 Waubesa Drive,Serbia,23/02/1975,849,977
716,8603884,Gav Symcoxe,419 Garrison Terrace,Peru,07/03/1972,987,989
717,6593318,Kristine Bautiste,2 Dennis Drive,Indonesia,09/06/2006,964,871
718,7933211,Von Decent,5191 Claremont Hill,Honduras,11/05/1982,998,813
719,2377358,Englebert Hauxby,725 Lien Road,Indonesia,21/12/1992,876,929
720,9420988,Dasha Chumley,95 5th Center,Bolivia,19/09/1989,825,958
721,9742771,Persis Bertlin,71 Kennedy Parkway,Ecuador,15/07/2003,975,804
722,1635419,Derron Presser,1 Almo Terrace,Netherlands,20/02/2000,858,834
723,5539114,Elly Dungee,05 Pennsylvania Plaza,Philippines,26/09/1975,962,835
724,3652302,Nahum Rawling,62 Carberry Court,Sweden,16/02/1990,907,895
725,4216499,Derek Goodoune,36749 Maple Wood Trail,Czech Republic,10/08/2004,880,867
726,9456829,Olag Oakeshott,409 Jay Lane,Indonesia,10/06/1978,929,979
727,1818241,Alyssa Endicott,6413 Emmet Center,Myanmar,03/06/1995,995,966
728,6048230,Othello Credland,10 Mallory Pass,Japan,17/06/1989,805,974
729,4992124,Celestine O'Kieran,49 Buena Vista Junction,Ivory Coast,18/11/2010,997,970
730,8492000,Fredrick Ghidini,96514 5th Place,Indonesia,21/03/1992,886,853
731,6423502,Harald Dutt,440 Stoughton Crossing,Poland,16/10/1997,835,865
732,6231149,Welby Espino,548 Ronald Regan Parkway,Slovenia,06/11/1988,815,978
733,8427088,Corinne Flowerdew,750 Mcbride Plaza,Poland,15/11/1960,857,974
734,3329851,Othilia Di Giacomo,9302 Red Cloud Hill,Grenada,21/12/1993,995,881
735,9080212,Loise Redmire,70 Bultman Pass,China,13/01/2003,966,894
736,8877001,Carl Purdom,8 Sachtjen Alley,Philippines,27/11/2004,996,817
737,3859693,Sunny Todhunter,65120 Continental Pass,Indonesia,24/04/1992,952,898
738,2938518,Adella Ternouth,731 Larry Point,United States,01/08/1989,839,804
739,5854394,Dylan Hendrix,070 Oneill Pass,Philippines,24/03/1999,845,883
740,5100546,Donaugh Keaton,64 Fremont Way,Ecuador,14/07/2009,884,989
741,2919510,Wallace Dincke,45978 Harper Center,Switzerland,08/08/1982,879,850
742,3381136,Joana Bilbrooke,8271 Grover Court,Philippines,26/05/1997,945,853
743,8964951,Lizette Prisley,41348 Continental Hill,United Kingdom,05/10/2008,860,999
744,6832053,Lucais Glendzer,35643 Leroy Junction,Indonesia,18/02/1973,822,848
745,9643966,Elena Agglione,979 2nd Alley,China,07/06/1970,832,897
746,9718381,Tymon Giacopetti,32934 Manley Avenue,Maldives,07/05/1997,839,821
747,9014616,Lana Sydenham,760 Cascade Place,Mozambique,20/11/2006,888,823
748,4820044,Andree Walster,81 Trailsway Circle,Palestinian Territory,16/08/1988,893,888
749,2485245,Piotr Maneylaws,69364 Utah Pass,China,29/06/1967,827,904
750,9456597,Muhammad Allum,30 Glacier Hill Point,Russia,19/03/1985,938,822
751,9839586,Fleur Dilger,11551 Coolidge Drive,Indonesia,11/03/2009,895,849
752,9229194,Siusan Lettington,89521 Carioca Terrace,Portugal,08/09/1981,906,999
753,6608912,Abeu Apfelmann,126 Sage Alley,Russia,14/03/1977,953,828
754,9420150,Erma Grinnell,29349 Washington Alley,China,26/08/1964,882,935
755,7739642,Gan Adel,9720 Lillian Lane,Israel,24/01/1969,855,958
756,7204666,Sibilla Coffee,148 Hermina Junction,China,09/11/1982,875,890
757,1857986,Ken Skelton,243 Homewood Road,Poland,15/11/1998,872,839
758,2686790,Catlee Guerrazzi,3951 Leroy Alley,France,26/11/1962,852,814
759,2505800,Trixy Guerrier,16 Warbler Trail,Brazil,21/02/1998,1000,992
760,6363334,Janel Pohling,3 Fisk Park,Guam,15/02/1993,989,841
761,8982203,Fidel Gives,51 Elgar Street,France,23/05/1974,825,808
762,8705593,Leandra Ballsdon,5 Esker Place,Russia,19/01/1963,826,885
763,8123348,Arv Bryant,41203 West Park,Czech Republic,27/09/1985,884,970
764,2646974,Arlen Jirick,556 Columbus Terrace,Russia,26/02/2003,866,836
765,9596830,Emmerich Wooster,44582 Sage Center,Russia,01/05/1993,832,858
766,7372674,Hillier Lusk,1 Hollow Ridge Point,Argentina,14/12/1960,914,872
767,1646594,Nehemiah Crepin,23732 Service Way,China,14/09/1983,912,924
768,3742396,Joseph Remer,63884 Milwaukee Drive,China,07/03/1969,925,948
769,6724298,Sibel Artharg,7 Cambridge Plaza,Russia,30/08/2006,949,896
770,3172838,Bondie Ough,94 Judy Court,Peru,28/08/1989,891,873
771,4025973,Maynard Gemmill,9 Forest Run Circle,China,27/06/1968,815,953
772,9682877,Wendeline Bowcock,8 Dryden Center,Yemen,25/02/1997,861,927
773,7554020,Frazer Boggon,2150 Lakewood Circle,Philippines,24/09/1983,927,940
774,8437522,Vita Thieme,7 Eagan Hill,China,15/06/1980,867,944
775,5944886,Olivie Gaitley,7459 Debs Park,China,27/05/2008,829,994
776,7422812,Sig Croneen,0 Eliot Avenue,Colombia,30/12/1992,857,953
777,6428124,Welsh Bocken,91675 Westend Court,Colombia,05/09/1979,879,975
778,1937768,Charita McMorran,1 Sunfield Way,Russia,01/02/1999,844,919
779,7026773,Kailey Woodyeare,38280 Logan Plaza,China,18/11/1995,815,908
780,2340101,Lynna Blune,5391 Merry Court,Palestinian Territory,15/10/1978,941,906
781,6489457,Antonin Ramlot,16477 Linden Junction,Vietnam,23/06/2000,801,817
782,1507209,Derril Cleverly,3 Ludington Way,China,31/10/1975,873,899
783,1212760,Dierdre Minifie,2051 Ridgeway Junction,United States,19/05/1982,856,862
784,7855603,Brigitta Artois,30202 Macpherson Circle,Guatemala,02/05/1966,967,843
785,8735023,Monti Willmer,9 Mayer Point,Argentina,31/01/2002,875,924
786,6625598,Lauralee Seger,4755 Gina Terrace,Brazil,24/08/1984,848,915
787,9485172,Carlita Lowbridge,874 Killdeer Junction,China,11/04/1984,873,932
788,1286743,Lianne Kalderon,0550 Bunker Hill Alley,United Kingdom,12/04/1960,898,994
789,6890872,Zackariah Arcase,040 Scoville Road,Poland,30/05/1987,947,995
790,9346940,Claudian Lutzmann,41 Bartelt Way,Tonga,02/07/2002,959,801
791,6321104,Carmencita Munroe,3070 Alpine Place,China,01/11/1983,1000,810
792,9609199,Lana Marlowe,9490 School Circle,Philippines,09/11/1987,906,881
793,8988203,Jennette Hadcroft,1 Randy Street,Peru,24/02/1981,931,888
794,5408471,Brandais Antunez,2 Sunnyside Park,Portugal,25/01/1999,836,962
795,7312364,Farrand De Hooch,295 Starling Junction,Thailand,07/05/2000,968,979
796,5694038,Honor Osgar,9090 Springs Center,Belarus,28/08/1961,979,921
797,4142617,Merla Ganford,9550 Orin Drive,Indonesia,29/12/1994,875,805
798,2127714,Ysabel Shovel,6 Colorado Street,France,07/02/1980,916,899
799,9019266,Garner Sinnie,55 Fallview Terrace,Malta,28/07/1980,889,893
800,4317573,Freemon Cooke,9 Vera Hill,Egypt,20/12/2001,859,926
801,7150674,Olivier Spiring,39 Buhler Road,China,21/01/1979,908,849
802,6231911,Jo ann Preuvost,492 Summit Circle,China,08/11/1999,972,924
803,5212252,Jasmina Philcock,80 Buhler Park,Argentina,26/06/1986,981,885
804,1291511,Debi Blatcher,7 Green Ridge Plaza,China,22/10/1985,868,842
805,9085926,Cristabel Tytherton,9 Scott Avenue,United States,29/09/1987,822,977
806,3294887,Barbee Smallsman,04 Di Loreto Drive,Tunisia,04/11/2005,844,934
807,5626288,Ingemar Costelloe,8016 Forster Court,China,27/10/1995,997,896
808,7343158,Miof mela Loram,5819 Cordelia Point,Indonesia,24/08/2008,864,848
809,2041166,Kriste Crut,7577 Meadow Vale Terrace,Brazil,16/08/1988,835,833
810,7791009,Tammy Perfect,08979 Transport Trail,Philippines,03/01/1971,877,868
811,4827944,Esther Kastel,3 Magdeline Junction,Brazil,30/08/2002,955,809
812,8718612,Shelden Cuppitt,52200 Parkside Terrace,Indonesia,27/04/1997,924,853
813,6884204,Roxana Silverman,2489 Canary Drive,Pakistan,21/06/1965,918,997
814,9204830,Sheffie Sliney,52051 Gulseth Center,Indonesia,07/04/1992,931,907
815,9426411,Tamma Petru,5 Bluejay Circle,China,30/07/1999,948,929
816,8445905,Jammal Dadson,864 Thompson Way,China,17/05/1968,929,942
817,5492178,Bone Longbone,15969 Miller Parkway,China,13/06/1985,971,874
818,5150697,Dov O'Feeney,013 Westerfield Center,China,11/04/1969,995,1000
819,4414948,Rosalyn Hardeman,81842 Nobel Drive,Brazil,25/05/1982,986,818
820,8125732,Allie Dmiterko,0136 Cambridge Alley,China,10/02/1995,895,864
821,1957699,Cherri Cullity,891 Boyd Plaza,Russia,16/12/1971,965,872
822,2730604,Poul Golbourn,2 Vahlen Point,China,01/06/2003,933,909
823,6882175,Doralynne Dougary,1 Lillian Road,Ecuador,12/07/1976,935,842
824,3990654,Lorry Dillicate,85865 Iowa Pass,China,27/12/1983,812,925
825,9550857,Elfreda Wildor,72900 Rieder Crossing,Belarus,27/11/1998,994,886
826,9231486,Janifer Canape,1 Hovde Park,Russia,03/11/1983,812,837
827,1109708,Moselle Pacheco,22123 South Center,Bangladesh,15/11/1984,871,823
828,7805222,Andrej Kertess,8 Haas Road,Indonesia,06/10/1968,921,890
829,6322285,Mordecai Orehead,212 Wayridge Point,Mauritius,21/05/1978,905,832
830,7848265,Denny Wetter,43 Norway Maple Center,China,05/02/1983,842,826
831,2500208,Rosalinde Doel,72886 Autumn Leaf Avenue,Vietnam,06/01/1987,840,991
832,3026098,Abraham Leber,66776 Cherokee Drive,Uganda,13/03/1999,800,804
833,9031261,Pepillo Saturley,7 Hagan Point,Canada,20/08/1973,915,893
834,8132656,Paula Abel,1 Garrison Place,Cape Verde,28/06/1994,896,954
835,3496028,Jobie Egle of Germany,69 Meadow Vale Drive,Brazil,01/11/2008,903,854
836,2423865,Chickie Kiddle,23063 6th Pass,China,10/12/1994,921,875
837,4559206,Colin Borne,80370 Daystar Circle,Russia,14/05/1977,907,810
838,7046137,Franz McKeaney,78 Reinke Park,Armenia,08/05/1993,944,920
839,1869259,Douglas Bendik,9282 Pierstorff Street,China,05/05/2006,819,864
840,5640512,Hurleigh Bohlens,79162 Logan Plaza,Philippines,16/01/1967,931,910
841,9983015,Britteny Farge,79 Huxley Drive,Croatia,24/12/1981,960,934
842,7951982,Cleveland Bretland,64231 Veith Point,Indonesia,21/09/2009,903,927
843,4709521,Flossi Erangy,1 Esker Court,Honduras,14/01/1977,996,944
844,3731963,Sibelle Janos,48 Farmco Road,United States,29/07/1961,901,820
845,9973006,Torrence Ruddock,918 Bayside Pass,United States,23/09/1988,849,877
846,9634278,Boyce Tapner,542 Main Alley,Russia,03/03/1962,849,939
847,6067059,Shalne Croll,71138 North Drive,Indonesia,05/04/1972,987,886
848,1467548,Maxie Maasze,411 Fieldstone Hill,China,15/03/1995,806,876
849,1155885,Jamaal Matyushonok,12 Aberg Terrace,China,28/03/1978,912,878
850,7059183,Caspar Pear,696 Gina Pass,Indonesia,30/11/1988,875,920
851,6010876,Inglebert Pass,286 Park Meadow Junction,Brazil,17/11/2002,841,944
852,5072570,Elia Tilliards,00975 Shoshone Avenue,Sweden,31/12/1996,887,933
853,7560918,Syman Kurtis,4088 Center Drive,Bosnia and Herzegovina,27/01/1975,875,995
854,9587899,Lou McGowing,806 Lyons Court,Russia,22/11/1991,880,924
855,8609422,Rex Binney,8 Pleasure Court,China,06/04/1965,976,873
856,8236169,Lissi Lotte,69 Anderson Center,China,13/08/1972,996,873
857,9297244,Pansy Townsend,8672 Moose Alley,China,24/11/1984,882,831
858,1143489,Herby Hemphrey,2 Mosinee Parkway,Russia,22/01/1969,953,948
859,7017284,Meris Matessian,41051 Sage Park,Czech Republic,02/11/1993,998,811
860,5154084,Gaston Tremble,8368 Melody Lane,Brazil,14/11/1996,915,989
861,7656071,Sheilakathryn Purvey,78 Village Green Court,Sweden,12/09/1962,933,930
862,7511543,Angelita Splevings,95744 Hazelcrest Parkway,China,02/11/1965,891,994
863,5082068,Abagael More,51706 Manley Way,Peru,31/08/1976,888,891
864,3963802,Augustin Largan,171 Spohn Plaza,Greece,28/09/1974,965,859
865,9230201,Chadwick Prigmore,210 West Parkway,Malaysia,23/04/1964,893,821
866,6243096,Minette Kitchen,4 Killdeer Parkway,Poland,11/05/1994,897,994
867,6631673,Anabelle Habbin,66179 Welch Hill,Portugal,07/12/2005,840,842
868,8312792,Pavlov Kidman,14135 North Road,Russia,26/06/1987,861,880
869,5437676,Rena Andriuzzi,800 Roxbury Road,Finland,04/06/2005,874,836
870,8027971,Artemus Brunesco,3 Gale Lane,United States,01/10/1968,855,861
871,3270902,Kittie Donan,737 Farragut Hill,Costa Rica,17/10/1988,857,803
872,3690072,Lissi Beane,40642 Lukken Circle,Ukraine,10/12/2004,866,806
873,3513402,Carling Silcock,98125 Claremont Hill,Poland,15/02/1988,894,902
874,4461405,Marty Wey,73300 Mccormick Alley,Albania,20/06/2009,882,940
875,1019602,Jase Gallahue,021 Nevada Place,China,25/01/1991,947,881
876,7325054,Arch Swancott,05814 Hallows Drive,Indonesia,09/09/1993,814,805
877,9670119,Johanna Milesap,0691 Redwing Avenue,Vietnam,01/09/1984,957,930
878,9973861,Cloe Etter,7032 Kingsford Terrace,Indonesia,23/09/1982,841,811
879,5876892,Mollee Scocroft,5073 Haas Point,United States,23/12/2006,935,932
880,9519394,Morton Viste,8 Miller Junction,Thailand,12/10/1965,943,893
881,5337596,Lynea Munby,24 Crest Line Park,Czech Republic,19/11/2001,872,836
882,5065803,Jocelyne Leyes,969 Red Cloud Park,Indonesia,13/04/1973,859,948
883,3989680,Alix Kunkel,94151 Westerfield Junction,Czech Republic,13/01/2007,948,996
884,6936781,Jacquelin Quail,00113 Sage Place,Taiwan,21/04/1970,832,947
885,1817108,Margi Valentelli,229 Dottie Road,China,16/10/1980,903,954
886,3796584,Maisey Bernardelli,3 Russell Lane,Bulgaria,13/01/1975,913,933
887,7128837,Hedvig Winney,74 Old Gate Drive,Philippines,06/08/1964,859,911
888,5593463,Essie Readings,92 Ilene Avenue,Japan,28/06/1972,824,915
889,7658523,Odelia Offell,659 Vahlen Place,Finland,12/12/1967,898,930
890,7502688,Delcine Assante,9805 Porter Drive,China,29/01/1960,916,806
891,9535681,Humphrey Wey,4944 Shelley Trail,Indonesia,23/02/1992,871,920
892,8408592,Elisabeth Chattaway,2 Bellgrove Center,Peru,02/05/1979,862,939
893,5100193,Peirce Klimkin,7145 Cherokee Terrace,Indonesia,09/05/1961,830,929
894,8941595,Art Van Schafflaer,4 Fair Oaks Trail,Argentina,28/02/1991,940,901
895,2384765,Eden Isack,61 Eliot Park,Cyprus,24/08/1974,849,924
896,2376378,Pattie Bartlet,309 Tomscot Junction,Brazil,11/10/1965,939,920
897,5803953,Tracie Trathen,51618 Red Cloud Circle,Peru,26/12/1978,923,919
898,7766391,Doralynne Fabry,23300 Bonner Pass,Sweden,27/04/1997,972,885
899,7305740,Sayers Vaz,61 Brown Center,China,03/08/2005,910,806
900,3144794,Caralie Moxon,6636 Granby Point,Kenya,09/05/1963,888,922
901,7004672,Jocelin Coopey,3 Mosinee Way,Philippines,29/09/1989,971,946
902,3645595,Evangelia Silly,28520 Maple Center,Sierra Leone,27/03/1985,889,813
903,1573923,Gale Crix,3 Mayer Alley,Nicaragua,18/03/1991,804,910
904,9229274,Trixy Nazair,1 Transport Parkway,Peru,25/08/1989,807,920
905,1612303,Mair Skyrm,174 Macpherson Place,Brazil,27/12/2003,842,989
906,4335962,Madonna Devil,5 Meadow Vale Circle,Indonesia,21/07/2009,831,927
907,9332368,Blinnie Hobgen,21 Ruskin Street,Argentina,14/04/2005,818,816
908,4653870,Jinny Arthy,0477 Del Mar Drive,Poland,09/01/1997,924,902
909,6561781,Chelsie Tremblay,450 Hintze Trail,Russia,17/03/2006,936,1000
910,3354742,Donelle Tyt,214 Pierstorff Drive,Portugal,29/10/2003,999,811
911,6441650,Lurline Witcherley,9557 Doe Crossing Hill,Indonesia,12/10/1977,907,939
912,2416720,Hilda Ellerey,859 Mifflin Drive,Indonesia,21/12/2010,935,916
913,8882316,Bethanne Diegan,4007 Oak Valley Crossing,China,02/12/1991,989,884
914,5673901,Jannelle Give,8234 Melby Alley,Serbia,13/07/1964,872,932
915,4117854,Trumaine Shiell,57 Bashford Crossing,Israel,24/02/1981,806,918
916,4078087,Bax Gritskov,5819 Scott Street,Canada,11/11/2004,903,963
917,2976902,Julienne Finlater,68 Russell Street,Sweden,05/10/1969,910,909
918,2047862,Rhona Breen,54400 Lerdahl Alley,Portugal,09/09/1975,848,961
919,8424405,Myranda Salliere,2 Rigney Avenue,Russia,10/01/1985,829,923
920,7910048,Marcelline Connew,6 Miller Drive,China,23/01/1984,895,886
921,8268797,Cherrita Bromige,2 Hoffman Place,China,15/10/1989,985,841
922,9605529,Lyon Baildon,52824 Sloan Center,Czech Republic,22/02/2004,984,936
923,6521602,Doris Halewood,29222 Northfield Drive,Russia,12/07/1966,830,999
924,6850552,Berne Guilleton,1966 Kings Park,China,19/04/1972,832,958
925,2606189,Nanice Merriman,8 Bowman Junction,Portugal,20/04/2009,942,881
926,3426710,Bonnee Padwick,4 Westport Avenue,Cambodia,18/10/2007,956,977
927,9928153,Feodora Fransinelli,586 6th Street,Sweden,06/10/1985,985,869
928,4462223,Lishe Delle,7290 Dorton Point,Philippines,14/09/1961,964,955
929,7774335,Marabel Ambrogini,5878 Harbort Court,Uganda,18/08/1993,942,883
930,9615130,Nealy Cubbin,556 Harper Road,Brazil,10/02/2010,834,804
931,2069305,Morten Blas,2305 Hayes Plaza,China,14/04/1977,879,841
932,2130638,Piper Cadell,8 Dixon Hill,China,16/04/2007,936,856
933,2531306,Philip Mallabone,3 Schurz Trail,Indonesia,16/12/2005,808,837
934,6919966,Maridel Antalffy,4674 Veith Lane,China,27/04/1982,800,829
935,3826890,Blondell Piechnik,19384 Gateway Trail,China,11/11/1966,926,851
936,3952376,Kelli Marchiso,2 Buena Vista Junction,Philippines,11/02/1992,887,926
937,1378086,Sondra Peinke,25 Kensington Terrace,China,30/12/2008,901,826
938,2394396,Kliment Blakeston,91 Trailsway Trail,Indonesia,11/06/1978,979,951
939,7872341,Rickie MacFaell,016 Texas Place,Guatemala,05/09/1970,924,886
940,2036721,Millicent Sneesby,5 Stang Place,United States,12/10/1980,964,894
941,2976549,Zsa zsa Emlyn,208 Paget Center,Colombia,10/11/1987,979,999
942,3296719,Karee Trenear,13141 Stoughton Place,Indonesia,10/02/1991,842,836
943,6589672,Cher Bromidge,52 Hagan Pass,Indonesia,08/06/1996,947,861
944,7350017,Sibylla Wilcocks,3 Marcy Park,Venezuela,26/10/1963,975,868
945,3402094,Loella Steely,4 Bowman Crossing,Albania,29/04/2003,979,913
946,6106153,Vere Effaunt,92 Macpherson Junction,Uzbekistan,25/06/1979,811,860
947,5930824,Chrystal Chatters,76774 Cody Street,China,07/07/1984,992,834
948,9624962,Allyce Philippe,7 South Drive,Mauritius,08/10/1972,958,807
949,4467342,Janeen Bettis,2808 6th Terrace,Albania,20/08/1976,874,818
950,5097706,Bucky Gainsburgh,14974 Johnson Hill,Japan,25/05/2000,983,957
951,1723988,Kissee Strickland,40 Vermont Trail,Norway,22/05/1963,832,862
952,8004683,Moise Stripling,9 Pennsylvania Circle,Portugal,18/03/2010,932,959
953,4253562,Matty Coggles,9 Amoth Plaza,Russia,15/06/1965,931,905
954,2925315,Allistir Pescod,99 Clemons Lane,Portugal,18/09/2003,992,1000
955,6212166,Roderick Dericot,95 Welch Place,China,19/07/1992,821,934
956,4886937,Sissy Barts,805 Pennsylvania Road,China,22/06/1991,936,883
957,9266882,Klara Culshaw,5 Judy Court,Canada,28/02/1981,815,989
958,4844690,Hebert Feldstein,5617 Stephen Terrace,Egypt,16/02/1971,837,926
959,1017320,Mareah Tetther,2 6th Park,Italy,11/07/1991,825,834
960,3645227,Clemence Cremin,40 American Ash Park,Israel,11/04/1961,970,956
961,5634383,Nikki Cattermoul,60296 Raven Drive,Yemen,30/11/1964,905,810
962,3091908,Hadrian MacCumiskey,7002 Rigney Lane,China,12/07/1989,928,876
963,2475815,Gretna McCalister,0501 Schlimgen Parkway,Greece,01/08/1997,853,847
964,7938350,Nicolina Duchant,671 Blackbird Place,France,06/01/1995,829,813
965,5304587,Retha Miner,390 Meadow Vale Avenue,Indonesia,23/03/1982,961,949
966,8888790,Gwyn Ferrand,3205 Pond Avenue,Canada,26/06/2005,942,814
967,7879635,Pauline Mowday,4 Cody Drive,Philippines,17/04/1984,875,909
968,6224908,Kalle Jovanovic,5504 Green Ridge Pass,Canada,18/01/1997,959,961
969,4466248,Corey Phebee,80 Almo Parkway,Mexico,27/05/1999,993,881
970,1868867,Waylan d'Escoffier,483 Arrowood Road,Sweden,25/02/1992,939,815
971,3450901,Jeramie Vasic,114 Main Junction,China,09/04/2002,955,890
972,3319451,Stormi Franzel,266 Corry Park,China,05/05/1998,899,820
973,3474287,Walton Tennick,4 Bashford Terrace,China,20/05/1993,944,926
974,1528207,Suzanne Botright,307 Amoth Parkway,China,19/01/1970,894,956
975,8454092,Sean Blees,9334 Ridgeview Hill,Vietnam,01/06/1998,924,812
976,3634827,Aigneis Brennans,9924 Hazelcrest Way,Kenya,17/01/1976,991,965
977,1371666,Alasdair Blight,26517 Loomis Plaza,Cyprus,31/12/1987,880,924
978,3356368,Florance Hilland,78 Texas Junction,Russia,17/06/1996,805,996
979,2223011,Eberto Davies,47413 Elka Court,France,08/12/2010,996,890
980,5231613,Grace English,48141 Russell Way,Serbia,09/09/1962,848,806
981,3112831,Vite Commuzzo,8 Ronald Regan Point,Brazil,01/09/1984,941,821
982,6470906,Mildrid Chazotte,6511 Elmside Center,Brazil,24/11/2006,829,878
983,9408033,Drusilla Izen,09 Holmberg Court,Guatemala,14/12/1970,961,835
984,1626558,Marten Fausch,04568 Ludington Park,China,30/10/1980,967,962
985,4139081,Tabbatha Rishworth,3383 Prentice Road,Thailand,31/01/1968,847,808
986,6764021,Arlyn Stading,24675 Leroy Circle,Botswana,04/11/2009,840,859
987,2367654,Chloette Lakeman,0582 Holy Cross Alley,Equatorial Guinea,30/04/1987,991,950
988,3144965,Maddalena Marousek,8 Fairfield Plaza,Philippines,23/11/1972,870,842
989,8019977,Elianora Colcutt,3 Larry Place,Russia,22/08/1996,963,806
990,4738268,Powell Greene,46 Welch Parkway,China,13/12/1965,900,950
991,8057311,Chrisy Bouskill,3746 Bowman Junction,Indonesia,17/06/1975,803,909
992,4903214,Keven Asmus,09838 Tennyson Junction,China,05/04/1972,816,901
993,4546625,Shandee Fulton,804 Sachtjen Way,Dominica,26/08/1966,959,876
994,4452977,Alvie Schoular,161 Mesta Pass,Indonesia,29/01/1998,894,818
995,8351957,Danna Peyes,417 Carey Trail,Ethiopia,24/01/1983,865,891
996,6719375,Thacher Orhtmann,36 Merchant Road,China,17/05/1984,997,870
997,1249911,Saree Toone,41430 Canary Plaza,Macedonia,14/06/2000,929,821
998,7875301,Meggie Bento,4685 Monica Plaza,United States,17/06/2001,827,849
999,7885186,Ewell Bunn,76860 Porter Hill,Russia,30/03/1996,960,890
1000,5530825,Merrie Overpool,5 Aberg Road,Russia,12/03/1993,862,826
